<?xml version="1.0" encoding="UTF-8" ?>
<XML_DIZ_INFO>
	<MASTER_PAD_VERSION_INFO>
		<MASTER_PAD_VERSION>3.11</MASTER_PAD_VERSION>
		<MASTER_PAD_EDITOR>PADGen 3.1.1.50 http://www.padgen.org</MASTER_PAD_EDITOR>
		<MASTER_PAD_INFO>Portable Application Description, or PAD for short, is a data set that is used by shareware authors to disseminate information to anyone interested in their software products. To find out more go to http://pad.asp-software.org</MASTER_PAD_INFO>
	</MASTER_PAD_VERSION_INFO>
	<Company_Info>
		<Company_Name>Flachmann und Heggelbacher GbR</Company_Name>
		<Address_1>Waldkirchbogen 27</Address_1>
		<Address_2 />
		<City_Town>Neuried</City_Town>
		<State_Province />
		<Zip_Postal_Code>D-82061</Zip_Postal_Code>
		<Country>Germany</Country>
		<Company_WebSite_URL>http://www.fuh-edv.de</Company_WebSite_URL>
		<Contact_Info>
			<Author_First_Name>Oliver</Author_First_Name>
			<Author_Last_Name>Heggelbacher</Author_Last_Name>
			<Author_Email>submit@fuh-edv.de</Author_Email>
			<Contact_First_Name>Oliver</Contact_First_Name>
			<Contact_Last_Name>Heggelbacher</Contact_Last_Name>
			<Contact_Email>submit@fuh-edv.de</Contact_Email>
		</Contact_Info>
		<Support_Info>
			<Sales_Email>info@fuh-edv.de</Sales_Email>
			<Support_Email>docklight@fuh-edv.de</Support_Email>
			<General_Email>info@fuh-edv.de</General_Email>
			<Sales_Phone>+49 89-38169745-2</Sales_Phone>
			<Support_Phone>+49 89-38169745-2</Support_Phone>
			<General_Phone>+49 89-38169745-2</General_Phone>
			<Fax_Phone>+49 89-38169745-9</Fax_Phone>
		</Support_Info>
	</Company_Info>
	<Program_Info>
		<Program_Name>Docklight Scripting</Program_Name>
		<Program_Version>2.2.8</Program_Version>
		<Program_Release_Month>11</Program_Release_Month>
		<Program_Release_Day>25</Program_Release_Day>
		<Program_Release_Year>2016</Program_Release_Year>
		<Program_Cost_Dollars>138</Program_Cost_Dollars>
		<Program_Cost_Other_Code>EUR</Program_Cost_Other_Code>
		<Program_Cost_Other>118</Program_Cost_Other>
		<Program_Type>Shareware</Program_Type>
		<Program_Release_Status>Minor Update</Program_Release_Status>
		<Program_Install_Support>Install and Uninstall</Program_Install_Support>
		<Program_OS_Support>Win7 x32,Win7 x64,WinVista,WinVista x64,WinXP,Other</Program_OS_Support>
		<Program_Language>English</Program_Language>
		<Program_Change_Info>Windows visual styles and high DPI-aware</Program_Change_Info>
		<Program_Specific_Category>Development Tools</Program_Specific_Category>
		<Program_Category_Class>Development::Debugging</Program_Category_Class>
		<Program_System_Requirements>COM port(s) or network available</Program_System_Requirements>
		<File_Info>
			<File_Size_Bytes>5823186</File_Size_Bytes>
			<File_Size_K>5686</File_Size_K>
			<File_Size_MB>5.55</File_Size_MB>
		</File_Info>
		<Expire_Info>
			<Has_Expire_Info>Y</Has_Expire_Info>
			<Expire_Count>99999999</Expire_Count>
			<Expire_Based_On>Uses</Expire_Based_On>
			<Expire_Other_Info>Never expires. Limited functionality in evaluation version.</Expire_Other_Info>
			<Expire_Month />
			<Expire_Day />
			<Expire_Year />
		</Expire_Info>
	</Program_Info>
	<Program_Descriptions>
		<English>
			<Keywords>tcp,udp,rs232,automated testing,automatic testing,client,server,network,crc,checksum,script,scripting,automated,automatic,diagnostics,testing,configuration,debugging,test,control,sps,fault analysis</Keywords>
			<Char_Desc_45>Automated tests for serial COM, TCP/UDP, HID</Char_Desc_45>
			<Char_Desc_80>Automated testing for serial communication protocols via COM, TCP/UDP and HID</Char_Desc_80>
			<Char_Desc_250>Docklight Scripting is an automated testing tool for serial communication protocols via COM, TCP/UDP, USB HID, Bluetooth HID and Named Pipes. It includes an easy-to-use script language for automated test jobs</Char_Desc_250>
			<Char_Desc_450>Docklight Scripting is an automated testing tool for serial communication protocols via COM, TCP/UDP, USB HID, Bluetooth HID and Named Pipes. It includes an easy-to-use script language for automation. A Docklight script allows you to execute all basic Docklight functions (sending predefined data sequences, detecting specific sequences within the incoming data stream, ...) and embed them in your own test code.</Char_Desc_450>
			<Char_Desc_2000>Docklight Scripting is an automated testing tool for serial communication protocols via COM (RS232, RS422/485), TCP (client and server), UDP peer, USB HID, Bluetooth HID and Named Pipes. It is an extended edition of Docklight RS232 Terminal / RS232 Monitor that includes an easy-to-use script language for automation. A Docklight script allows you to execute all basic Docklight functions (sending predefined data sequences, detecting specific sequences within the incoming data stream, ...) and embed them in your own test code. Docklight Scripting gives you both, flexibility and simplicity. Within minutes you can build your own automated testing tools and create
  * repeated test cycles (e.g. endurance testing for a motion control / drive system)
  * time-controlled test jobs (e.g. sending a diagnostics command at certain times of day)
  * automatic device configuration scripts (e.g. resetting a RS232 device to factory defaults before delivery)
  * fault analysis tools for service and maintenance tasks (e.g. running a set of diagnostics commands and performing automatic fault analysis)
  * protocol testers with automatic checksum calculations (e.g. CRC - Cyclic Redundancy Codes)
  * Docklight startup scripts (e.g. automatically starting a COM port logging task at PC startup)
Docklight Scripting uses the VBScript engine, allowing you to write your tests in a simple and well-known script language. Docklight's basic functions and features are made available through a small and convenient set of script commands. The sample applications and scripts provided make getting started easy, and allow you to become productive immediately.</Char_Desc_2000>
		</English>
		<German>
			<Keywords>tcp,udp,usb,bluetooth,hid,rs232,automated testing,automatic testing,client,server,network,crc,checksum,script,scripting,automated,automatic,diagnostics,testing,netzwerk,automatisiert,testen</Keywords>
			<Char_Desc_45>Automatisiertes Testen für COM, TCP/UDP, HID</Char_Desc_45>
			<Char_Desc_80>Automatisiertes Testen serieller Protokolle über COM, TCP/UDP und HID</Char_Desc_80>
			<Char_Desc_250>Docklight Scripting ermöglicht das Automatisierte Testen von seriellen Protokollen über COM, TCP/UDP, HID und Named Pipes. Docklight Scripting bietet eine einfach zu benutzende Skriptsprache, um automatisierte Testläufe zu erstellen.</Char_Desc_250>
			<Char_Desc_450>Docklight Scripting ermöglicht das Automatisierte Testen von seriellen Protokollen über  COM, TCP/UDP, USB HID, Bluetooth HID und Named Pipes. Docklight Scripting bietet eine einfach zu benutzende Skriptsprache, um automatisierte Testläufe zu erstellen. Über ein Skript können Sie alle grundlegenden Docklight-Funktionen ausführen (Senden einer vordefinierten Datensequenz, Aufspüren spezieller Empfangsdaten, ...) und eigene Testprogramme erstellen.</Char_Desc_450>
			<Char_Desc_2000>Docklight Scripting ist eine erweiterte Variante des Docklight RS232 Terminal / RS232 Monitor. Docklight Scripting ermöglicht das Automatisierte Testen von seriellen Protokollen über COM (RS232, RS422/485), TCP (Client und Server), UDP Peer, USB HID, Bluetooth HID und Named Pipes. Docklight Scripting bietet eine einfach zu benutzende Skriptsprache, um automatisierte Testläufe zu erstellen. Ein Docklight Skript erlaubt Ihnen, alle grundlegenden Docklight-Funktionen auszuführen (Senden einer vordefinierten Datensequenz, Aufspüren spezieller Datensequenzen im empfangenen Datenstrom, ...) und diese in ein eigenes Testprogramm einzubetten. Docklight Scripting bieten Ihnen eine flexible und gleichzeitig einfache Lösung. Mit geringem Zeitaufwand können Sie Ihre eigenen Testwerkzeuge zusammenstellen:
  * Zyklische Testprogramme (z.B. Fahrprogramm für den Dauertest einer Motorsteuerung / eines Antriebs)
  * Zeitgesteuerte Testläufe (z.B. Senden eines Diagnosekommandos zu bestimmten Tageszeiten)
  * Skripte zur automatisierten Gerätekonfiguration (z.B. Rücksetzen eines RS232-Geräts auf die Werkseinstellungen bei Auslieferung)
  * Werkzeuge zur Fehleranalyse für Service und Wartung (z.B. Ausführen mehrerer Diagnosekommandos und automatische Fehleranalyse anhand der Geräteantwort)
  * Protokolltester mit automatischer Prüfsummenberechnung (z.B. CRC - Cyclic Redundancy Codes)
  * Automatischer Start der Docklight-Anwendung (z.B. Starten des COM-Port-Logging nach einem PC-Neustart)
Docklight Scripting setzt VBScript ein und erlaubt Ihnen so, Testprogramme in einer simplen und bekannten Skriptsprache zu erstellen. Die Docklight-Basisfunktionen können über einen kompakten und einfachen Befehlssatz angesprochen werden. Vorbereitete Beispiele und umfangreiche Hilfe machen den Umgang mit Docklight Scripting leicht und ermöglichen produktives Arbeiten von Beginn an.</Char_Desc_2000>
		</German>
	</Program_Descriptions>
	<Web_Info>
		<Application_URLs>
			<Application_Info_URL>http://www.docklight.de</Application_Info_URL>
			<Application_Order_URL>http://www.docklight.de/shop_en.htm</Application_Order_URL>
			<Application_Screenshot_URL>http://www.docklight.de/img/docklight_scripting_screenshot.png</Application_Screenshot_URL>
			<Application_Icon_URL>http://www.docklight.de/img/docklight_icon_32x32.png</Application_Icon_URL>
			<Application_XML_File_URL>http://www.docklight.de/padfiles/dockspad.xml</Application_XML_File_URL>
		</Application_URLs>
		<Download_URLs>
			<Primary_Download_URL>http://www.docklight.de/download/Docklight_Scripting.zip</Primary_Download_URL>
			<Secondary_Download_URL>http://www.fuh-edv.de/docklight/download/Docklight_Scripting.zip</Secondary_Download_URL>
			<Additional_Download_URL_1 />
			<Additional_Download_URL_2 />
		</Download_URLs>
	</Web_Info>
	<Permissions>
		<Distribution_Permissions>fuh_distribute_int.txt

Flachmann und Heggelbacher
Software Distribution Agreement:

This software product is Copyright 2016 Flachmann und Heggelbacher GbR
(www.fuh-edv.de). All rights reserved.

The evaluation version of this software may be freely distributed, with exceptions noted below, provided the distribution package (.zip file) is not modified. No person or company may charge a fee for the distribution of this software product without written permission from the copyright holder. This software product may not be bundled or distributed with any other package without written permission of the copyright holder.

THE EVALUATION VERSION OF THIS SOFTWARE IS PROVIDED "AS IS" AND ANY EXPRESSED OR IMPLIED WARRANTIES, INCLUDING, BUT NOT LIMITED TO, THE IMPLIED WARRANTIES OF MERCHANTABILITY AND FITNESS FOR A PARTICULAR PURPOSE ARE DISCLAIMED. 
IN NO EVENT SHALL "FLACHMANN UND HEGGELBACHER" OR ITS CONTRIBUTORS BE LIABLE FOR ANY DIRECT, INDIRECT, INCIDENTAL, SPECIAL, EXEMPLARY, OR CONSEQUENTIAL DAMAGES (INCLUDING, BUT NOT LIMITED TO, PROCUREMENT OF SUBSTITUTE GOODS OR SERVICES; LOSS OF USE, DATA, OR PROFITS; OR BUSINESS INTERRUPTION) HOWEVER CAUSED AND ON ANY THEORY OF LIABILITY, WHETHER IN CONTRACT, STRICT LIABILITY, OR TORT (INCLUDING NEGLIGENCE OR OTHERWISE) ARISING IN ANY WAY OUT OF THE USE OF THIS SOFTWARE, EVEN IF ADVISED OF THE POSSIBILITY OF SUCH DAMAGE.
</Distribution_Permissions>
		<EULA>Flachmann und Heggelbacher
Software End User License Agreement 
For 1 (one) Computer

NOTICE TO USER:
THIS IS A CONTRACT BETWEEN YOU AND "FLACHMANN UND HEGGELBACHER" ("FuH"), A COMPANY LOCATED IN NEURIED, GERMANY. BY INDICATING YOUR ACCEPTANCE BELOW, YOU ACCEPT ALL THE TERMS AND CONDITIONS OF THIS AGREEMENT. This License Agreement accompanies an FuH(r) software product ("Software") and related explanatory written materials ("Documentation"). This copy of the Software is licensed to you as the end user or to your employer or another third party authorized to permit your use of the Software.  "You" as used in the remainder of this License Agreement refers to the licensee. 

Upon your acceptance of this Agreement, FuH grants to you a non-exclusive license to use the Software and Documentation, provided that you agree to the following:

1. Use of the Software. 	
You may-
* Install the Software in a single location on a hard disk or other storage device on a single computer.
* Make one backup copy of the Software, provided your backup copy is not installed or used on any computer.
* Home Use: The primary user of each computer on which the Software is installed or used may also install the Software on one home or portable computer.  However, the Software may not be used on the secondary computer by another person at the same time the Software on the primary computer is being used.

2. Copyright. 	The Software is the intellectual property of FuH and its suppliers and is protected by German copyright law, international treaty provisions, and applicable laws of the country in which it is being used. Any copies that you are permitted to make pursuant to this Agreement must contain the same copyright and other proprietary notices that appear on or in the Software. Except as may be expressly permitted under the European Directive on the Legal Protection of Computer Programs (14 May 1991), you agree not to modify, adapt, translate, reverse engineer, decompile, disassemble or otherwise attempt to discover the source code of the Software.

3. Transfer. 	You may not rent, lease, sublicense, or lend the Software or Documentation. You may, however, transfer all your rights to use the Software to another person or legal entity provided that you transfer this Agreement, the Software, including all copies, updates and prior versions, and all Documentation to such person or entity and that you retain no copies, including copies stored on a computer.

4. Limited Warranty.	FuH warrants to you that the Software will perform substantially in accordance with the Documentation for the ninety (90) day period following your receipt of the Software. To make a warranty claim, you must return the Software to the location where you obtained it along with a copy of your sales receipt within such ninety (90) day period. If the Software does not perform substantially in accordance with the Documentation, the entire and exclusive liability of FuH and its suppliers, and your exclusive remedy shall be limited to either, at FuH's option, the replacement of the Software or the refund of the license fee you paid for the Software.

FuH AND ITS SUPPLIERS DO NOT AND CANNOT WARRANT THE PERFORMANCE OR RESULTS YOU MAY OBTAIN BY USING THE SOFTWARE OR DOCUMENTATION.  THE FOREGOING STATES THE SOLE AND EXCLUSIVE REMEDIES FOR FuH'S OR ITS SUPPLIERS' BREACH OF WARRANTY.  EXCEPT FOR THE FOREGOING LIMITED WARRANTY, FuH AND ITS SUPPLIERS MAKE NO WARRANTIES OR CONDITIONS, EXPRESS OR IMPLIED, AS TO NONINFRINGEMENT OF THIRD PARTY RIGHTS, MERCHANTABILITY, OR FITNESS FOR ANY PARTICULAR PURPOSE. IN NO EVENT WILL FuH OR ITS SUPPLIERS BE LIABLE TO YOU FOR ANY CONSEQUENTIAL, INCIDENTAL OR SPECIAL DAMAGES, INCLUDING ANY LOST PROFITS OR LOST SAVINGS, EVEN IF AN FuH REPRESENTATIVE HAS BEEN ADVISED OF THE POSSIBILITY OF SUCH DAMAGES, OR FOR ANY CLAIM BY ANY THIRD PARTY. 

Some states or jurisdictions do not allow the exclusion or limitation of incidental, consequential or special damages, or the exclusion of implied warranties or limitations on how long an implied warranty may last, so the above limitations may not apply to you. To the extent permissible, any implied warranties are limited to ninety (90) days. This warranty gives you specific legal rights. You may have other rights which vary from state to state or jurisdiction to jurisdiction. For further warranty information, please contact FuH's Customer Support Department. 

5. General Provisions.	If any part of this Agreement is found void and unenforceable, it will not affect the validity of the balance of the Agreement, which shall remain valid and enforceable according to its terms. This Agreement shall automatically terminate upon failure by you to comply with its terms. This Agreement may only be modified in writing signed by an authorized officer of FuH.
</EULA>
	</Permissions>
</XML_DIZ_INFO>
